Source,Target,Type
Olang_Moses,@oleitumbi,Mention
Olang_Moses,@williamsruto,Mention
CaesarToreto,@oleitumbi,Mention
CaesarToreto,@williamsruto,Mention
kirubimuigai,@oleitumbi,Mention
kirubimuigai,@williamsruto,Mention
125__iconic,@oleitumbi,Mention
125__iconic,@williamsruto,Mention
Bonniedes,@,Mention
dickensjoh,@oleitumbi,Mention
dickensjoh,@williamsruto,Mention
machirabrian,@oleitumbi,Mention
machirabrian,@williamsruto,Mention
1stDarwin,@oleitumbi,Mention
1stDarwin,@williamsruto,Mention
BraqueGeorges,@oleitumbi,Mention
BraqueGeorges,@williamsruto,Mention
SangKelvin01,@williamsruto,Mention
SangKelvin01,@biancawamu,Mention
SangKelvin01,@peterratemo4,Mention
SangKelvin01,@oleitumbi,Mention
SangKelvin01,@husseinmohamedg,Mention
SangKelvin01,@wmmartha,Mention
EWitness,@gunnerafrican,Mention
EWitness,@husseinmohamedg,Mention
EWitness,@sakajajohnson,Mention
EWitness,@udakenya,Mention
blessedjackey,@williamsruto,Mention
blessedjackey,@rigathi,Mention
KYKiamba,@nduyamuthama,Mention
TevinMacharia,@nduyamuthama,Mention
mwangiwamso,@standardkenya,Mention
ASBELKEMBOI7,@alexawiti,Mention
MaimunaSaid7,@womenruto,Mention
MaimunaSaid7,@isaackmutai9,Mention
khanhussein20,@railaodinga,Mention
khanhussein20,@williamsruto,Mention
Pauline34677965,@railaodinga,Mention
Pauline34677965,@williamsruto,Mention
Geffnuthskey,@railaodinga,Mention
Geffnuthskey,@williamsruto,Mention
JohnMulu12,@railaodinga,Mention
JohnMulu12,@williamsruto,Mention
Dizzy_Snazzy,@railaodinga,Mention
Dizzy_Snazzy,@williamsruto,Mention
RaswilliEms69,@railaodinga,Mention
RaswilliEms69,@williamsruto,Mention
dkdaniek5,@railaodinga,Mention
dkdaniek5,@williamsruto,Mention
Rashidhatibu254,@railaodinga,Mention
Rashidhatibu254,@williamsruto,Mention
IsoeKenty,@railaodinga,Mention
IsoeKenty,@williamsruto,Mention
KaranjaNjau,@railaodinga,Mention
KaranjaNjau,@williamsruto,Mention
dkoech79,@railaodinga,Mention
dkoech79,@williamsruto,Mention
nya20sa1,@railaodinga,Mention
nya20sa1,@williamsruto,Mention
KenyaKwanza2022,@railaodinga,Mention
KenyaKwanza2022,@williamsruto,Mention
254Mish,@railaodinga,Mention
254Mish,@williamsruto,Mention
kiruiericky,@railaodinga,Mention
kiruiericky,@williamsruto,Mention
Mwaistanley2,@railaodinga,Mention
Mwaistanley2,@williamsruto,Mention
tituskimanthi,@railaodinga,Mention
tituskimanthi,@williamsruto,Mention
evansktoo15,@railaodinga,Mention
evansktoo15,@williamsruto,Mention
Tonipassiany,@railaodinga,Mention
Tonipassiany,@williamsruto,Mention
LangatBismark1,@railaodinga,Mention
LangatBismark1,@williamsruto,Mention
Honkorirsammy,@railaodinga,Mention
Honkorirsammy,@williamsruto,Mention
KalyaGs,@railaodinga,Mention
KalyaGs,@williamsruto,Mention
Robaa82,@railaodinga,Mention
Robaa82,@williamsruto,Mention
Kerichmarley,@railaodinga,Mention
Kerichmarley,@williamsruto,Mention
BelioSturridge,@railaodinga,Mention
BelioSturridge,@williamsruto,Mention
AMASIKANIKENYA,@railaodinga,Mention
AMASIKANIKENYA,@williamsruto,Mention
RoseNavalayo1,@railaodinga,Mention
RoseNavalayo1,@williamsruto,Mention
DaView_k,@railaodinga,Mention
DaView_k,@williamsruto,Mention
simiyujp,@railaodinga,Mention
simiyujp,@williamsruto,Mention
NoelRotich,@railaodinga,Mention
NoelRotich,@williamsruto,Mention
TSetanei,@railaodinga,Mention
TSetanei,@williamsruto,Mention
chelombochet,@railaodinga,Mention
chelombochet,@williamsruto,Mention
EBiegon,@railaodinga,Mention
EBiegon,@williamsruto,Mention
Kihoti001,@railaodinga,Mention
Kihoti001,@williamsruto,Mention
DidmusWaBarasa,@railaodinga,Mention
DidmusWaBarasa,@williamsruto,Mention
josephayienda1,@williamsruto,Mention
MwanziaDennis,@williamsruto,Mention
cheroiginC,@williamsruto,Mention
Permie21,@williamsruto,Mention
HOMEBUSINESSIN6,@williamsruto,Mention
Shadrac59769370,@williamsruto,Mention
senatorkipkemoi,@williamsruto,Mention
lastiebonnie,@williamsruto,Mention
Sir_Rawlings,@williamsruto,Mention
PropaGandist047,@gunnerafrican,Mention
PropaGandist047,@husseinmohamedg,Mention
PropaGandist047,@sakajajohnson,Mention
PropaGandist047,@udakenya,Mention
bkipsongol,@williamsruto,Mention
David___Mbugua,@williamsruto,Mention
martinwaithaka8,@williamsruto,Mention
terry_treaza,@williamsruto,Mention
lord_ofmischief,@williamsruto,Mention
SiunduHesborn,@williamsruto,Mention
KinyuaWaIrungu,@williamsruto,Mention
henriqueokinyi1,@williamsruto,Mention
anyanyakegode,@williamsruto,Mention
Sam54prync,@williamsruto,Mention
Martcharismatic,@gunnerafrican,Mention
Martcharismatic,@husseinmohamedg,Mention
Martcharismatic,@sakajajohnson,Mention
Martcharismatic,@udakenya,Mention
Its_Georgy,@williamsruto,Mention
BillowIsmail,@williamsruto,Mention
kelvin_mwebia,@gunnerafrican,Mention
kelvin_mwebia,@husseinmohamedg,Mention
kelvin_mwebia,@sakajajohnson,Mention
kelvin_mwebia,@udakenya,Mention
samgtheuri,@williamsruto,Mention
MWALIMU_AMUNGA,@gunnerafrican,Mention
MWALIMU_AMUNGA,@husseinmohamedg,Mention
MWALIMU_AMUNGA,@sakajajohnson,Mention
MWALIMU_AMUNGA,@udakenya,Mention
Araap_Ruto,@williamsruto,Mention
MakokhaDr,@williamsruto,Mention
Upendo_Andrew,@williamsruto,Mention
TheHamara,@williamsruto,Mention
gcmm86,@williamsruto,Mention
mosebu,@williamsruto,Mention
jkenyakwanza,@williamsruto,Mention
Hon_ChaguaRuto,@williamsruto,Mention
el_chaplinn,@williamsruto,Mention
fessy_jay,@williamsruto,Mention
langatvic8,@williamsruto,Mention
futurelegacy2,@williamsruto,Mention
Chiskop_peetz,@williamsruto,Mention
thuoevans,@williamsruto,Mention
Kelvinmwendwa_,@williamsruto,Mention
JKNjenga,@williamsruto,Mention
Collins_Oxlade,@williamsruto,Mention
Patopatoh,@williamsruto,Mention
Edwardkertz,@williamsruto,Mention
MweleWycliffe,@williamsruto,Mention
MurerwaEdwin,@williamsruto,Mention
DongThuthi,@williamsruto,Mention
Kastone_Paul,@williamsruto,Mention
JUNGLELAW12,@williamsruto,Mention
IKenmax,@williamsruto,Mention
ratemo_perminus,@williamsruto,Mention
Real_Cheruiyot,@williamsruto,Mention
aj_njuguna,@williamsruto,Mention
muhyy,@williamsruto,Mention
iamWekesa,@williamsruto,Mention
ErickMureka,@williamsruto,Mention
john_andeka,@williamsruto,Mention
Theichief,@williamsruto,Mention
TheBryo,@williamsruto,Mention
Mwikiah,@williamsruto,Mention
Ondieki_001,@williamsruto,Mention
KiruiMartin,@williamsruto,Mention
HusseinMohamedg,@williamsruto,Mention
tylerkym254,@williamsruto,Mention
kimutaiken_,@williamsruto,Mention
Ronoh_1J,@williamsruto,Mention
wesrono,@williamsruto,Mention
Jay__Don_ke,@williamsruto,Mention
ErastoMwenyewe,@williamsruto,Mention
peterph_gichuhi,@williamsruto,Mention
TrueCityzen1,@williamsruto,Mention
HARRYGENIUS_,@williamsruto,Mention
MashMMXIV,@williamsruto,Mention
Ericmwa,@williamsruto,Mention
ruttohcarol,@williamsruto,Mention
lookeeymoha,@williamsruto,Mention
Sammys2541,@williamsruto,Mention
MastonKim1,@williamsruto,Mention
DansonKimutai,@williamsruto,Mention
EmmanuelKwemoi1,@williamsruto,Mention
Sucresaid,@williamsruto,Mention
Karuoyya,@williamsruto,Mention
DouglasChiliswa,@williamsruto,Mention
KELVINWAFULAMA1,@williamsruto,Mention
Carlyet6,@williamsruto,Mention
rhouzieosore,@williamsruto,Mention
kemboikips04,@williamsruto,Mention
tess_njoroge,@williamsruto,Mention
Iyewitnes,@williamsruto,Mention
hustlermilan,@williamsruto,Mention
amohprovoke,@williamsruto,Mention
AlexMugendi11,@williamsruto,Mention
CharlesKimuyu,@williamsruto,Mention
EPLNewsSoccer,@williamsruto,Mention
kirweco14,@williamsruto,Mention
Gichovi_e,@williamsruto,Mention
Nyawira2005,@williamsruto,Mention
Musinga23169686,@williamsruto,Mention
LXG_News,@williamsruto,Mention
manucho__ke,@williamsruto,Mention
MikeMusungu1,@williamsruto,Mention
comradefyat,@williamsruto,Mention
g_kimeli,@williamsruto,Mention
C_chengke,@williamsruto,Mention
FranklinKipyeg1,@williamsruto,Mention
MwaurahDrax,@williamsruto,Mention
ckositany,@williamsruto,Mention
joe_clinch,@williamsruto,Mention
AKimorgo,@williamsruto,Mention
DrRotichPHD,@williamsruto,Mention
Elizabe40374232,@williamsruto,Mention
sospetermkaimba,@williamsruto,Mention
NtongaiEzekiel,@williamsruto,Mention
MlinziVinnie,@williamsruto,Mention
TonyKingv20,@williamsruto,Mention
FaithfulnessJSA,@williamsruto,Mention
mulinguum,@williamsruto,Mention
DesmondTowett,@williamsruto,Mention
sammy_macharia,@williamsruto,Mention
caleb_gachugu,@williamsruto,Mention
ObedMelly,@williamsruto,Mention
GunnerAfrican,@williamsruto,Mention
Mwash_phalic,@williamsruto,Mention
Mr_JoeWaru,@williamsruto,Mention
Mwax021,@williamsruto,Mention
mistah_morriz,@williamsruto,Mention
NdichuMburu,@williamsruto,Mention
JaphethArsenal,@williamsruto,Mention
Vinncott3,@williamsruto,Mention
k_yovinne,@williamsruto,Mention
mau_maxwel,@williamsruto,Mention
labattlabatt,@williamsruto,Mention
Pk53534395,@williamsruto,Mention
_jmcaleb,@williamsruto,Mention
Dr_kimutal,@williamsruto,Mention
arapweriEzra,@williamsruto,Mention
Paulmwaniki16,@williamsruto,Mention
WairimuAntony,@williamsruto,Mention
KipKalyaNoah,@williamsruto,Mention
tumeiyo_richard,@williamsruto,Mention
PatoskyKp,@williamsruto,Mention
ErickkChirchir2,@williamsruto,Mention
wamahousee,@williamsruto,Mention
kenedyshy,@williamsruto,Mention
karryjay,@williamsruto,Mention
Duncanm2017,@williamsruto,Mention
GideonBadiva,@williamsruto,Mention
bravin_siwa,@williamsruto,Mention
benardongeri_,@williamsruto,Mention
Kibet_AraapKogo,@williamsruto,Mention
NgeiywoMartin,@williamsruto,Mention
CeoBen,@williamsruto,Mention
EricNgeno,@williamsruto,Mention
DenfelixK,@williamsruto,Mention
PHIAMAX,@williamsruto,Mention
EKipkeu,@williamsruto,Mention
MeshMpendwa,@williamsruto,Mention
flairampos,@williamsruto,Mention
ChamdanyKip,@williamsruto,Mention
manyongeisaac1,@williamsruto,Mention
Jeffhendriksgit,@williamsruto,Mention
shaddykym,@williamsruto,Mention
IMIrungu,@williamsruto,Mention
sarahmurathime,@williamsruto,Mention
Frank_KanaTech,@williamsruto,Mention
kelvin_mwebia,@williamsruto,Mention
Joe_munene1,@williamsruto,Mention
mw_enda,@williamsruto,Mention
Brianketer5,@williamsruto,Mention
karonei,@williamsruto,Mention
MrBiwott,@williamsruto,Mention
korirek,@williamsruto,Mention
JosephTulanga,@williamsruto,Mention
MOTARI25,@williamsruto,Mention
CyrusRintari,@williamsruto,Mention
GLitunya,@williamsruto,Mention
JayReagans,@williamsruto,Mention
KingKwemoi,@williamsruto,Mention
HalfLuo_,@williamsruto,Mention
umosoo,@williamsruto,Mention
Waigwabon,@williamsruto,Mention
EliasKabere,@williamsruto,Mention
Dequinto9,@williamsruto,Mention
BasilManaseh,@williamsruto,Mention
TwahirMwale,@williamsruto,Mention
ondu_peter,@williamsruto,Mention
KipngenoGabriel,@williamsruto,Mention
NeddoTatayo,@williamsruto,Mention
JumaFrred,@williamsruto,Mention
Beatric06754363,@williamsruto,Mention
awanyoike3,@williamsruto,Mention
MwendeCharles,@williamsruto,Mention
EvansChege,@williamsruto,Mention
AdanDuqow,@williamsruto,Mention
beth_kasinga,@williamsruto,Mention
issa_grei,@williamsruto,Mention
eric_opanda,@williamsruto,Mention
daltoo_eye,@williamsruto,Mention
Amb_Saleh,@williamsruto,Mention
abedlelgo,@williamsruto,Mention
McaMwongaJnr,@williamsruto,Mention
KariukiCyruz,@williamsruto,Mention
client13144,@williamsruto,Mention
OtungahB,@williamsruto,Mention
john_nderitu,@williamsruto,Mention
Keerulanah,@williamsruto,Mention
KeMatumbei,@williamsruto,Mention
TravisNgich,@williamsruto,Mention
schelanga94,@williamsruto,Mention
Utred_Allan,@williamsruto,Mention
Lemenyi_KE,@williamsruto,Mention
UDAparty2022,@williamsruto,Mention
manesah_,@williamsruto,Mention
JohnWil50304360,@williamsruto,Mention
pkarnet,@williamsruto,Mention
OtengoWelling1,@williamsruto,Mention
wiz_freak,@williamsruto,Mention
OleItumbi,@williamsruto,Mention
josphatmutai43,@williamsruto,Mention
josphatmutai43,@railaodinga,Mention
DaddyMsoo,@evans_miloo,Mention
Ojwang44,@williamsruto,Mention
Ojwang44,@railaodinga,Mention
edmosesking,@williamsruto,Mention
MakimiiDom,@williamsruto,Mention
Kapengurian,@williamsruto,Mention
muthaara,@williamsruto,Mention
muthaara,@railaodinga,Mention
FelipeGambler_,@mwalimu_amunga,Mention
FelipeGambler_,@sakajajohnson,Mention
Japhetkmaina,@mwalimu_amunga,Mention
Japhetkmaina,@sakajajohnson,Mention
gideonokumu81,@mwalimu_amunga,Mention
gideonokumu81,@sakajajohnson,Mention
Frank_KanaTech,@mwalimu_amunga,Mention
Frank_KanaTech,@sakajajohnson,Mention
MWALIMU_AMUNGA,@mwalimu_amunga,Mention
David___Mbugua,@mwalimu_amunga,Mention
David___Mbugua,@sakajajohnson,Mention
SakajaJohnson,@mwalimu_amunga,Mention
SakajaJohnson,@sakajajohnson,Mention
EWitness,@mwalimu_amunga,Mention
SHINYALU_Online,@musaliamudavadi,Mention
SHINYALU_Online,@williamsruto,Mention
SHINYALU_Online,@sakajajohnson,Mention
SHINYALU_Online,@mwalimu_amunga,Mention
RutoSara,@musaliamudavadi,Mention
RutoSara,@williamsruto,Mention
RutoSara,@sakajajohnson,Mention
WomenInANCParty,@musaliamudavadi,Mention
WomenInANCParty,@williamsruto,Mention
WomenInANCParty,@sakajajohnson,Mention
WomenInANCParty,@mwalimu_amunga,Mention
umosoo,@railaodinga,Mention
hustlermilan,@railaodinga,Mention
hustlermilan,@,Mention
m_langat70,@,Mention
m_langat70,@williamsruto,Mention
jacobskilonzo,@kenyakwanza,Mention
jacobskilonzo,@udakenya,Mention
AustohMwenyewe,@williamsruto,Mention
AustohMwenyewe,@railaodinga,Mention
Its_____Anne,@crystalbeautypl,Mention
Fredmoenga1998,@williamsruto,Mention
Fredmoenga1998,@railaodinga,Mention
Fredmoenga1998,@kbonimtetezi,Mention
Fredmoenga1998,@ahmednasirlaw,Mention
KirituCharles,@williamsruto,Mention
KirituCharles,@railaodinga,Mention
Paulrop15Paul,@williamsruto,Mention
Paulrop15Paul,@railaodinga,Mention
Mwass14933274,@williamsruto,Mention
Mwass14933274,@railaodinga,Mention
martinwaithaka8,@railaodinga,Mention
martinwaithaka8,@,Mention
lord_ofmischief,@railaodinga,Mention
vinskart,@williamsruto,Mention
vinskart,@railaodinga,Mention
cheroiginC,@railaodinga,Mention
abdizohabdallah,@williamsruto,Mention
abdizohabdallah,@,Mention
SimbaMmojatu,@nelsonhavi,Mention
Njau_,@williamsruto,Mention
Njau_,@railaodinga,Mention
RufusReal1,@williamsruto,Mention
RufusReal1,@railaodinga,Mention
wamahousee,@,Mention
kams_nation,@williamsruto,Mention
kams_nation,@railaodinga,Mention
NgeiywoMartin,@railaodinga,Mention
ki96269449,@,Mention
MwarariMr,@,Mention
Nai_WestFinest,@musaliamudavadi,Mention
Nai_WestFinest,@williamsruto,Mention
Nai_WestFinest,@sakajajohnson,Mention
Nai_WestFinest,@mwalimu_amunga,Mention
IKenmax,@railaodinga,Mention
RealHostar,@williamsruto,Mention
RealHostar,@railaodinga,Mention
ericmakorio,@williamsruto,Mention
ericmakorio,@railaodinga,Mention
JKchemunyan2012,@williamsruto,Mention
JKchemunyan2012,@railaodinga,Mention
NancyCheruiyot_,@williamsruto,Mention
NancyCheruiyot_,@railaodinga,Mention
lymmoe,@williamsruto,Mention
lymmoe,@railaodinga,Mention
kenchep,@williamsruto,Mention
kenchep,@,Mention
wamahousee,@railaodinga,Mention
oronijunior,@mwalimu_amunga,Mention
oronijunior,@sakajajohnson,Mention
stivin_holla,@williamsruto,Mention
stivin_holla,@railaodinga,Mention
Bernardmwanzia8,@,Mention
felixronohh,@,Mention
MOTARI25,@railaodinga,Mention
salom65556035,@,Mention
NgeiywoMartin,@,Mention
Anthonymulley,@williamsruto,Mention
Anthonymulley,@railaodinga,Mention
Pk53534395,@,Mention
mutumamurithi,@williamsruto,Mention
mutumamurithi,@railaodinga,Mention
NyandikoDickson,@williamsruto,Mention
NyandikoDickson,@railaodinga,Mention
NjuruPK,@williamsruto,Mention
NjuruPK,@railaodinga,Mention
MutethiaSilas,@williamsruto,Mention
MutethiaSilas,@railaodinga,Mention
ItsSossion,@williamsruto,Mention
ItsSossion,@railaodinga,Mention
NDUGIREC,@williamsruto,Mention
NDUGIREC,@railaodinga,Mention
caleb_gachugu,@,Mention
ErickkChirchir2,@railaodinga,Mention
tylerkym254,@,Mention
kanamboo2,@williamsruto,Mention
kanamboo2,@railaodinga,Mention
joe_clinch,@,Mention
musa_manza,@,Mention
ShiiWanjiru6,@williamsruto,Mention
ShiiWanjiru6,@railaodinga,Mention
peterph_gichuhi,@railaodinga,Mention
j_fatuj3,@williamsruto,Mention
j_fatuj3,@railaodinga,Mention
bravin_siwa,@,Mention
Emperorkoffici1,@williamsruto,Mention
Emperorkoffici1,@railaodinga,Mention
amanofafrika,@williamsruto,Mention
amanofafrika,@railaodinga,Mention
FredKiptanui,@williamsruto,Mention
FredKiptanui,@railaodinga,Mention
kentungaz,@williamsruto,Mention
kentungaz,@railaodinga,Mention
OOtenge,@williamsruto,Mention
OOtenge,@railaodinga,Mention
ondoro_erickson,@williamsruto,Mention
ondoro_erickson,@railaodinga,Mention
k_yovinne,@,Mention
WangalwaTony,@williamsruto,Mention
WangalwaTony,@railaodinga,Mention
Charlie_Popeye,@williamsruto,Mention
Charlie_Popeye,@railaodinga,Mention
Charlie_Popeye,@,Mention
kelvin_mwebia,@,Mention
_SirEric_,@,Mention
Its_Chemwotei,@williamsruto,Mention
Its_Chemwotei,@railaodinga,Mention
Jumabonny711,@,Mention
Kibet75Bett,@,Mention
Meninist254,@williamsruto,Mention
Meninist254,@railaodinga,Mention
benardongeri_,@railaodinga,Mention
BillowIsmail,@railaodinga,Mention
TonnyKamwai,@,Mention
BrianChemwaa,@williamsruto,Mention
BrianChemwaa,@railaodinga,Mention
Sir_Rawlings,@railaodinga,Mention
idibravine,@williamsruto,Mention
idibravine,@railaodinga,Mention
rodgers_ruttoh,@williamsruto,Mention
rodgers_ruttoh,@railaodinga,Mention
William_nganga1,@mwalimu_amunga,Mention
William_nganga1,@sakajajohnson,Mention
KariusRyano,@williamsruto,Mention
KariusRyano,@railaodinga,Mention
TeamSakaja,@mwalimu_amunga,Mention
TeamSakaja,@sakajajohnson,Mention
KiongoziGk,@,Mention
Real_Cheruiyot,@railaodinga,Mention
KIBETKOECH_,@williamsruto,Mention
KIBETKOECH_,@railaodinga,Mention
MwaurahDrax,@,Mention
BenardMosbei,@,Mention
KoomeMapesa,@williamsruto,Mention
KoomeMapesa,@railaodinga,Mention
HMosago,@,Mention
RaswilliEms69,@,Mention
HAlekhine,@williamsruto,Mention
HAlekhine,@railaodinga,Mention
David___Mbugua,@,Mention
Brianketer5,@mwalimu_amunga,Mention
Brianketer5,@sakajajohnson,Mention
wesrono,@railaodinga,Mention
kelvin_mwebia,@mwalimu_amunga,Mention
martomuge,@williamsruto,Mention
martomuge,@railaodinga,Mention
r_koskei,@williamsruto,Mention
r_koskei,@railaodinga,Mention
r_koskei,@,Mention
sammy_macharia,@,Mention
MastonKim1,@,Mention
IsoeKenty,@,Mention
Hon_ChaguaRuto,@,Mention
DaView_k,@,Mention
Kemboi85,@,Mention
Rotichk,@williamsruto,Mention
Rotichk,@railaodinga,Mention
Arapkemeikimuu,@oleitumbi,Mention
ratemo_perminus,@,Mention
Mikeindusa1,@,Mention
amohprovoke,@railaodinga,Mention
jensenojago,@,Mention
sangdengkip,@,Mention
daltoo_eye,@,Mention
KipyegoSanga,@,Mention
OleItumbi,@,Mention
KoilaiL,@williamsruto,Mention
KoilaiL,@railaodinga,Mention
Fadhilow,@williamsruto,Mention
Fadhilow,@railaodinga,Mention
EdukonDaniel,@williamsruto,Mention
BernardKRotich1,@williamsruto,Mention
BernardKRotich1,@railaodinga,Mention
SophisticatedDj,@williamsruto,Mention
SophisticatedDj,@railaodinga,Mention
waseges,@williamsruto,Mention
waseges,@railaodinga,Mention
tricore_digital,@williamsruto,Mention
tricore_digital,@railaodinga,Mention
Hon_ChaguaRuto,@railaodinga,Mention
nikjaki,@williamsruto,Mention
nikjaki,@railaodinga,Mention
TravisNgich,@railaodinga,Mention
dnkchelule,@williamsruto,Mention
dnkchelule,@railaodinga,Mention
john_ojunga9,@williamsruto,Mention
john_ojunga9,@railaodinga,Mention
WillingSon67,@williamsruto,Mention
WillingSon67,@railaodinga,Mention
AntonyMuhuma,@williamsruto,Mention
Mwathiken,@williamsruto,Mention
Mwathiken,@railaodinga,Mention
BenardMosbei,@williamsruto,Mention
BenardMosbei,@railaodinga,Mention
David___Mbugua,@railaodinga,Mention
Vinncott3,@railaodinga,Mention
GeorgeKipkurui,@williamsruto,Mention
GeorgeKipkurui,@railaodinga,Mention
Willieboy_m,@williamsruto,Mention
Willieboy_m,@railaodinga,Mention
Castroh_F,@williamsruto,Mention
Castroh_F,@railaodinga,Mention
elly_kiplaa,@williamsruto,Mention
elly_kiplaa,@railaodinga,Mention
KanjamG,@williamsruto,Mention
KanjamG,@railaodinga,Mention
UNCLECOMMANDO,@williamsruto,Mention
TonyKingv20,@railaodinga,Mention
theallan_t,@williamsruto,Mention
theallan_t,@railaodinga,Mention
EPLNewsSoccer,@railaodinga,Mention
QsKariuki,@williamsruto,Mention
QsKariuki,@railaodinga,Mention
miguelmuguchia,@williamsruto,Mention
NeddoTatayo,@railaodinga,Mention
miguelmuguchia,@railaodinga,Mention
KipchumbaChebw1,@williamsruto,Mention
KipchumbaChebw1,@railaodinga,Mention
ItsRopC,@williamsruto,Mention
ItsRopC,@railaodinga,Mention
Kibet75Bett,@williamsruto,Mention
purelovenation,@williamsruto,Mention
purelovenation,@railaodinga,Mention
itsmbugua,@williamsruto,Mention
itsmbugua,@railaodinga,Mention
UNCLECOMMANDO,@railaodinga,Mention
KagoModesto,@williamsruto,Mention
KagoModesto,@railaodinga,Mention
C_chengke,@railaodinga,Mention
olivernolly2,@williamsruto,Mention
olivernolly2,@railaodinga,Mention
MwaurahDrax,@railaodinga,Mention
MwendeCharles,@railaodinga,Mention
WilliamsRutoFan,@williamsruto,Mention
WilliamsRutoFan,@railaodinga,Mention
OtengoWelling1,@railaodinga,Mention
MlinziVinnie,@railaodinga,Mention
MuvitiSamuel,@williamsruto,Mention
MuvitiSamuel,@railaodinga,Mention
BCherich,@williamsruto,Mention
BCherich,@railaodinga,Mention
Chiskop_peetz,@railaodinga,Mention
KuluoJosephine,@williamsruto,Mention
KuluoJosephine,@railaodinga,Mention
KiprohRob,@williamsruto,Mention
KiprohRob,@railaodinga,Mention
Frank_KanaTech,@railaodinga,Mention
murunga1Murunga,@williamsruto,Mention
murunga1Murunga,@railaodinga,Mention
TrollPoliticsKe,@williamsruto,Mention
TrollPoliticsKe,@railaodinga,Mention
Pk53534395,@railaodinga,Mention
k_yovinne,@railaodinga,Mention
jkenyakwanza,@railaodinga,Mention
joshep1248,@williamsruto,Mention
joshep1248,@railaodinga,Mention
Therealguyx,@williamsruto,Mention
Therealguyx,@railaodinga,Mention
anto_whiz,@williamsruto,Mention
Clifford_Lans,@williamsruto,Mention
Clifford_Lans,@railaodinga,Mention
briankimani,@williamsruto,Mention
briankimani,@railaodinga,Mention
SirMycal,@williamsruto,Mention
SirMycal,@railaodinga,Mention
mp_philo,@williamsruto,Mention
MuchiriGichuri,@williamsruto,Mention
joe_clinch,@railaodinga,Mention
kelvin_mwebia,@railaodinga,Mention
isaiahmngl,@williamsruto,Mention
isaiahmngl,@railaodinga,Mention
alliontoyota,@williamsruto,Mention
alliontoyota,@railaodinga,Mention
Jumabonny711,@williamsruto,Mention
Jumabonny711,@railaodinga,Mention
jackmwaniki1,@williamsruto,Mention
jackmwaniki1,@railaodinga,Mention
IsaacKorir_kim,@williamsruto,Mention
IsaacKorir_kim,@railaodinga,Mention
kilaerick05,@williamsruto,Mention
kilaerick05,@railaodinga,Mention
MrBiwott,@railaodinga,Mention
chombir_ts,@williamsruto,Mention
chombir_ts,@railaodinga,Mention
Chrismutuma11,@williamsruto,Mention
Chrismutuma11,@railaodinga,Mention
vkmutai,@williamsruto,Mention
vkmutai,@railaodinga,Mention
mosebu,@railaodinga,Mention
iam_JVLEO,@williamsruto,Mention
iam_JVLEO,@railaodinga,Mention
MastonKim1,@railaodinga,Mention
awanyoike3,@railaodinga,Mention
itswaweruwamiti,@williamsruto,Mention
itswaweruwamiti,@railaodinga,Mention
KirwaNickson2,@williamsruto,Mention
KirwaNickson2,@railaodinga,Mention
OpyMoturi,@williamsruto,Mention
OpyMoturi,@railaodinga,Mention
Tonypaneah,@williamsruto,Mention
DjMicSultan,@williamsruto,Mention
DjMicSultan,@railaodinga,Mention
Felah88,@williamsruto,Mention
Felah88,@railaodinga,Mention
JrChelimo,@williamsruto,Mention
JrChelimo,@railaodinga,Mention
SiboyiAnganah,@williamsruto,Mention
SiboyiAnganah,@railaodinga,Mention
Joshua44538122,@williamsruto,Mention
Joshua44538122,@railaodinga,Mention
sammy_macharia,@railaodinga,Mention
GunnerAfrican,@railaodinga,Mention
TheBryo,@railaodinga,Mention
AraapChomu,@williamsruto,Mention
Omolloooo,@williamsruto,Mention
Omolloooo,@railaodinga,Mention
HARRYGENIUS_,@railaodinga,Mention
gibun_gitonga,@williamsruto,Mention
gibun_gitonga,@railaodinga,Mention
peter_warrior7,@williamsruto,Mention
peter_warrior7,@railaodinga,Mention
ombatikevin300,@williamsruto,Mention
ombatikevin300,@railaodinga,Mention
kimutaiken_,@railaodinga,Mention
Badcard4,@williamsruto,Mention
Badcard4,@railaodinga,Mention
KeynesSamai,@williamsruto,Mention
KeynesSamai,@railaodinga,Mention
Emmanue01300810,@williamsruto,Mention
Emmanue01300810,@railaodinga,Mention
keteralvin,@williamsruto,Mention
keteralvin,@railaodinga,Mention
Ericmwa,@railaodinga,Mention
OleItumbi,@railaodinga,Mention
benson_chumba,@williamsruto,Mention
joe_omosh,@williamsruto,Mention
gkaleli,@williamsruto,Mention
_gitonga__,@williamsruto,Mention
wisebethwel,@williamsruto,Mention
kaHuRa_kelviNe,@williamsruto,Mention
jakayajirjir,@williamsruto,Mention
Babakewillie,@williamsruto,Mention
kimunya_kelvin,@williamsruto,Mention
Tonipassiany,@musaliamudavadi,Mention
Tonipassiany,@sakajajohnson,Mention
MWALIMU_AMUNGA,@musaliamudavadi,Mention
MWALIMU_AMUNGA,@williamsruto,Mention
gabkeym25,@sheilasifuma,Mention
EWitness,@williamsruto,Mention
EWitness,@railaodinga,Mention
EWitness,@citizentvkenya,Mention
RutoSara,@railaodinga,Mention
RutoSara,@citizentvkenya,Mention
DaView_k,@nationafrica,Mention
DaView_k,@dci_kenya,Mention
Nai_WestFinest,@railaodinga,Mention
Nai_WestFinest,@citizentvkenya,Mention
Westlands2022,@williamsruto,Mention
Westlands2022,@railaodinga,Mention
Westlands2022,@citizentvkenya,Mention
SHINYALU_Online,@railaodinga,Mention
SHINYALU_Online,@citizentvkenya,Mention
peter_amunga,@williamsruto,Mention
peter_amunga,@railaodinga,Mention
peter_amunga,@citizentvkenya,Mention
Charlie_Popeye,@oleitumbi,Mention
ramseydemarco,@honmoses_kuria,Mention
ramseydemarco,@kwamatangi,Mention
ramseydemarco,@honkabogo,Mention
Vandrose1,@cynthiakimanyi1,Mention
ngaruman,@standardkenya,Mention
samie_luizy,@cubesandcontainers,Mention
kiddoGAMMZ,@standardkenya,Mention
patrick57717472,@essyokenyuri,Mention
MukhebiDen,@makaumutua,Mention
kirweco14,@railaodinga,Mention
kirweco14,@citizentvkenya,Mention
MWALIMU_AMUNGA,@railaodinga,Mention
MWALIMU_AMUNGA,@citizentvkenya,Mention
bkomun,@bkomun,Mention
dkoech79,@oleitumbi,Mention
IkoKaziKE_Bot,@jose_ochyberry,Mention
IkoKaziKE_Bot,@lu_qme,Mention
IkoKaziKE_Bot,@bcherich,Mention
PresenterBarac1,@williamsruto,Mention
PresenterBarac1,@railaodinga,Mention
PresenterBarac1,@citizentvkenya,Mention
PresenterBarac1,@nationafrica,Mention
PresenterBarac1,@dci_kenya,Mention
PresenterBarac1,@oleitumbi,Mention
BmarshallCGTN,@wehliyemohamed,Mention
BmarshallCGTN,@ahmednasirlaw,Mention
excellencytorsh,@muriithironny,Mention
eric_opanda,@muriithironny,Mention
alliontoyota,@muriithironny,Mention
KuluoJosephine,@oleitumbi,Mention
khoimosh,@tidmaster,Mention
dannymwamba,@ababunamwamba,Mention
rutto_daniel,@oleitumbi,Mention
emmanuel_cheret,@essyokenyuri,Mention
AlexMugendi11,@marthakarua,Mention
MpenziMe,@vote_hopeke,Mention
VincentMobe,@vincentmobe,Mention
VincentMobe,@miltonojwang79,Mention
VincentMobe,@beaty_ottawa,Mention
Qahiu_Githutha,@marthakarua,Mention
WomenRuto,@isaackmutai9,Mention
WomenRuto,@womenruto,Mention
ItsMartinChege,@williamsruto,Mention
DennisKallage,@oleitumbi,Mention
res_judicata3,@oleitumbi,Mention
Bettsaisi1,@oleitumbi,Mention
UDAPartyKe,@honadenduale,Mention
kelvin_mwebia,@essyokenyuri,Mention
vinskart,@vote_hopeke,Mention
MaimunaSaid7,@essyokenyuri,Mention
Edwardkertz,@oleitumbi,Mention
_jmcaleb,@oleitumbi,Mention
NeddoTatayo,@oleitumbi,Mention
FaithfulnessJSA,@essyokenyuri,Mention
DrWanyeeSK,@marthakarua,Mention
HonBob4MPBUTULA,@williamsruto,Mention
HonBob4MPBUTULA,@railaodinga,Mention
HonBob4MPBUTULA,@citizentvkenya,Mention
MainaKimondo1,@shikoessie2,Mention
Dynasty045,@essyokenyuri,Mention
kimarumainah,@socrazy_254,Mention
kimarumainah,@udakenya,Mention
NgeiywoMartin,@oleitumbi,Mention
kimarumainah,@joe_munene1,Mention
F_M_Networks,@f_m_networks,Mention
juliusngugi360,@essyokenyuri,Mention
juliusngugi360,@williamsruto,Mention
allenvitalic,@iankebenei,Mention
MainaKimondo1,@marthakarua,Mention
MainaKimondo1,@railaodinga,Mention
kimarumainah,@muriithironny,Mention
tellyrence,@essyokenyuri,Mention
aboud_akasha,@marthakarua,Mention
kimarumainah,@essyokenyuri,Mention
kimarumainah,@williamsmkenya,Mention
kimarumainah,@udapartyke,Mention
azimio022,@marthakarua,Mention
azimio022,@railaodinga,Mention
Jessesaruni,@jessesaruni,Mention
Jessesaruni,@skmusyoka,Mention
Jessesaruni,@williamsruto,Mention
Jessesaruni,@rigathi,Mention
Jessesaruni,@mtetezi_ke,Mention
Jessesaruni,@nickruto_,Mention
Jessesaruni,@speakerjbmuturi,Mention
Jessesaruni,@musaliamudavadi,Mention
Jessesaruni,@mosewetangula,Mention
virginHoffice,@virginhoffice,Mention
servant_beth,@marthakarua,Mention
miguelmuguchia,@joe_munene1,Mention
miguelmuguchia,@citizentvkenya,Mention
miguelmuguchia,@williamsmkenya,Mention
miguelmuguchia,@josenzana,Mention
miguelmuguchia,@udapartyke,Mention
miguelmuguchia,@essyokenyuri,Mention
miguelmuguchia,@nationafrica,Mention
miguelmuguchia,@dci_kenya,Mention
lord_ofmischief,@oleitumbi,Mention
SamiaBen05,@williamsruto,Mention
PATRIOTS_254,@udakenya,Mention
MwaurahDrax,@essyokenyuri,Mention
otienojacktone,@kingspaperworks,Mention
otienojacktone,@gadgetworld254,Mention
kimarusammy8,@hongachagua_,Mention
JonathanNickson,@williamsmkenya,Mention
ThomasAyoo,@railaodinga,Mention
ThomasAyoo,@musaliamudavadi,Mention
ThomasAyoo,@mosewetangula,Mention
BramwelI,@dissecthub,Mention
MarenyaJorim,@marthakarua,Mention
NaomiNgatia,@hongachagua_,Mention
ALPHONSEIHAJI,@marthakarua,Mention
SangKelvin01,@marthakarua,Mention
NyaokeMagero,@marthakarua,Mention
FredrickOrowo,@dissecthub,Mention
P_Conundrum,@musaliamudavadi,Mention
azimio022,@bonifacemwangi,Mention
Cynthiakimanyi1,@cynthiakimanyi1,Mention
MosesNgigeKE,@kanuparty_ke,Mention
MosesNgigeKE,@kanucongress,Mention
DesmondTowett,@oleitumbi,Mention
isaac_otwoma254,@marthakarua,Mention
JpBrigade,@marthakarua,Mention
KabueShiela,@williamsruto,Mention
EdwardM83028145,@marthakarua,Mention
Ibrahadolwa,@maishatvke,Mention
MwandishiMburu,@dissecthub,Mention
Mistake15548744,@marthakarua,Mention
wiza_wein,@kithurekindiki_,Mention
_EmmanuelKutosi,@youtube,Mention
wambugumartin_,@oleitumbi,Mention
benardongeri_,@oleitumbi,Mention
KabueShiela,@railaodinga,Mention
KabueShiela,@citizentvkenya,Mention
alliontoyota,@oleitumbi,Mention
AllanAguko,@vincentmobe,Mention
AllanAguko,@miltonojwang79,Mention
AllanAguko,@beaty_ottawa,Mention
Gitaukamaudavie,@nelsonhavi,Mention
luqmane1,@lu_qme,Mention
Hon_kindiki,@oleitumbi,Mention
lord_tillah,@railaodinga,Mention
Dr_kimutal,@oleitumbi,Mention
Ericmwa,@oleitumbi,Mention
MrBiwott,@oleitumbi,Mention
OtengoWelling1,@oleitumbi,Mention
IsaacKorir_kim,@oleitumbi,Mention
Rotichk,@oleitumbi,Mention
sue_perlita,@oleitumbi,Mention
labattlabatt,@oleitumbi,Mention
EzekielNgetich7,@essyokenyuri,Mention
FreeHugzK,@williamsmkenya,Mention
iancurlie,@essyokenyuri,Mention
CPAMutua,@evans_miloo,Mention
DesmondTowett,@essyokenyuri,Mention
CatherineGN_,@shikoessie2,Mention
MuiruriSamwel,@leemakwiny,Mention
JrChelimo,@kiongozigk,Mention
ChrisantasYash,@iconske,Mention
njarifj,@essyokenyuri,Mention
JuliusArungu,@essyokenyuri,Mention
nikjaki,@essyokenyuri,Mention
KipKalyaNoah,@womenruto,Mention
KipKalyaNoah,@gichagamwangi,Mention
mi_jupiter,@hon_rigathi,Mention
KipKalyaNoah,@hon_rigathi,Mention
KipKalyaNoah,@essyokenyuri,Mention
mi_jupiter,@gichagamwangi,Mention
foot_solder,@wetangulam,Mention
foot_solder,@musaliamudavadi,Mention
mi_jupiter,@williamsruto,Mention
mi_jupiter,@essyokenyuri,Mention
Justkenyan1,@marthakarua,Mention
Justkenyan1,@honkangata,Mention
NoelRotich,@essyokenyuri,Mention
jackmwaniki1,@essyokenyuri,Mention
sonysonyia,@sonkonews,Mention
SonkoNews,@sonkonews,Mention
Logmary_nuggets,@pauline,Mention
Turk_Voices,@jerrymarita,Mention
lil_tpsy,@jerrymarita,Mention
sonysonyia,@jerrymarita,Mention
Kiprotuchrop,@essyokenyuri,Mention
Mwaistanley2,@essyokenyuri,Mention
sonysonyia,@paulinenjau5,Mention
KalosSays,@williamsruto,Mention
KalosSays,@railaodinga,Mention
KalosSays,@citizentvkenya,Mention
bonniekariuki,@nationafrica,Mention
bonniekariuki,@williamsruto,Mention
bonniekariuki,@railaodinga,Mention
bonniekariuki,@dci_kenya,Mention
bonniekariuki,@oleitumbi,Mention
bonniekariuki,@citizentvkenya,Mention
bonniekariuki,@ntvkenya,Mention
santanaAudrey4,@williamsruto,Mention
TrueCityzen1,@essyokenyuri,Mention
hustler_no_2,@gichagamwangi,Mention
Ambrose09238829,@essyokenyuri,Mention
MkulimaMoja1,@,Mention
Alvinmwa1,@williamsruto,Mention
Alvinmwa1,@essyokenyuri,Mention
EmmanuelSananka,@honkangata,Mention
EmmanuelSananka,@honjamleckkamau,Mention
EmmanuelSananka,@railaodinga,Mention
georgeoketch12,@oleitumbi,Mention
georgeoketch12,@citizentvkenya,Mention
georgeoketch12,@ntvkenya,Mention
KibisuAllan,@essyokenyuri,Mention
SheilaSifuma,@oleitumbi,Mention
SheilaSifuma,@williamsruto,Mention
SheilaSifuma,@zacbabel,Mention
mainabrand,@essyokenyuri,Mention
alliontoyota,@essyokenyuri,Mention
Elijahwangari42,@marthakarua,Mention
DavidKamau001,@shikoessie2,Mention
its_japh,@williamsruto,Mention
Ndei_Ndei,@f_m_networks,Mention
ChrispusMogwas,@railaodinga,Mention
ChrispusMogwas,@marthakarua,Mention
EmmathequeenB,@crystalbeautypl,Mention
Ndei_Ndei,@virginhoffice,Mention
EmmathequeenB,@virginhoffice,Mention
lil_tpsy,@f_m_networks,Mention
IsManue_,@virginhoffice,Mention
la_greatke,@virginhoffice,Mention
IsManue_,@crystalbeautypl,Mention
Josephgichuhi17,@crystalbeautypl,Mention
_idaIinya,@virginhoffice,Mention
Josephgichuhi17,@virginhoffice,Mention
TabithaBrendah,@virginhoffice,Mention
TabithaBrendah,@crystalbeautypl,Mention
Joseochyberry,@jose_ochyberry,Mention
lamar__eric,@virginhoffice,Mention
empiremike__,@virginhoffice,Mention
Rpst020,@crystalbeautypl,Mention
lenny_mwandiki,@williamsruto,Mention
_idaIinya,@crystalbeautypl,Mention
Bellah_Christah,@crystalbeautypl,Mention
TonnyKamwai,@williamsruto,Mention
lil_tpsy,@virginhoffice,Mention
spaqqz,@virginhoffice,Mention
Its_____Anne,@virginhoffice,Mention
IamBeste1_,@virginhoffice,Mention
lil_tpsy,@crystalbeautypl,Mention
Mammito12,@crystalbeautypl,Mention
IkoKaziKE_Bot,@700k,Mention
IamBeste1_,@crystalbeautypl,Mention
empiremike__,@crystalbeautypl,Mention
la_greatke,@crystalbeautypl,Mention
JudithJepkoech8,@williamsruto,Mention
JudithJepkoech8,@railaodinga,Mention
JudithJepkoech8,@citizentvkenya,Mention
MairuraRatemo,@williamsruto,Mention
maggie82122213,@williamsruto,Mention
Bnangitiyo,@williamsruto,Mention
DanBarrister,@railaodinga,Mention
DanBarrister,@marthakarua,Mention
mp_philo,@railaodinga,Mention
mp_philo,@citizentvkenya,Mention
JuliusMutiso14,@williamsruto,Mention
JuliusMutiso14,@railaodinga,Mention
JuliusMutiso14,@citizentvkenya,Mention
BobKoech3,@williamsruto,Mention
BobKoech3,@railaodinga,Mention
BobKoech3,@citizentvkenya,Mention
ALPHONSEIHAJI,@railaodinga,Mention
JpBrigade,@railaodinga,Mention
hesbonmogire11,@nationafrica,Mention
hesbonmogire11,@williamsruto,Mention
hesbonmogire11,@railaodinga,Mention
hesbonmogire11,@dci_kenya,Mention
lamar__eric,@f_m_networks,Mention
Ken__bliss,@williamsruto,Mention
Ken__bliss,@railaodinga,Mention
Ken__bliss,@citizentvkenya,Mention
Turk_Voices,@f_m_networks,Mention
leftie_1,@f_m_networks,Mention
EmmathequeenB,@f_m_networks,Mention
f3cci,@f_m_networks,Mention
Kenbrianbosco,@nationafrica,Mention
Kenbrianbosco,@williamsruto,Mention
Kenbrianbosco,@railaodinga,Mention
Kenbrianbosco,@dci_kenya,Mention
bradleyalusa,@williamsruto,Mention
bradleyalusa,@railaodinga,Mention
bradleyalusa,@citizentvkenya,Mention
EvanoLegend1,@williamsruto,Mention
EvanoLegend1,@railaodinga,Mention
EvanoLegend1,@citizentvkenya,Mention
Sousey_,@f_m_networks,Mention
BLUstarisme,@f_m_networks,Mention
opijah,@williamsruto,Mention
opijah,@railaodinga,Mention
opijah,@citizentvkenya,Mention
Wangari_Gakuo,@williamsruto,Mention
adipojr51,@f_m_networks,Mention
msobrown22,@f_m_networks,Mention
Afraha_icon,@f_m_networks,Mention
EngMatheka,@shikoessie2,Mention
johnikahu,@f_m_networks,Mention
TabithaBrendah,@f_m_networks,Mention
pato_jush,@f_m_networks,Mention
allanomondi391,@f_m_networks,Mention
Dinohoe4ke,@f_m_networks,Mention
la_greatke,@f_m_networks,Mention
_jmcaleb,@nationafrica,Mention
_jmcaleb,@railaodinga,Mention
_jmcaleb,@dci_kenya,Mention
tembeakenyaa,@f_m_networks,Mention
its_vibon,@f_m_networks,Mention
LareOloibon,@williamsruto,Mention
yingyang_4eva,@railaodinga,Mention
yingyang_4eva,@marthakarua,Mention
lord_ofmischief,@nationafrica,Mention
lord_ofmischief,@dci_kenya,Mention
ungumwendia,@williamsruto,Mention
EmmathequeenB,@vip_sure_bets,Mention
BivonDuke,@f_m_networks,Mention
NewsAlerts_Ke,@williamsruto,Mention
shoobee111,@f_m_networks,Mention
inbuilt_tibet,@f_m_networks,Mention
itskachunee,@vip_sure_bets,Mention
miteibet,@williamsruto,Mention
TubmanOdoyo,@marthakarua,Mention
HunnidLevi,@williamsruto,Mention
badgirlsbible_0,@marthakarua,Mention
badgirlsbible_0,@railaodinga,Mention
Its_____Anne,@vip_sure_bets,Mention
JogooRangi,@vip_sure_bets,Mention
lil_tpsy,@vip_sure_bets,Mention
Rajini_Nicholas,@vip_sure_bets,Mention
pato_jush,@vip_sure_bets,Mention
DenviQ_Kenya,@vip_sure_bets,Mention
Lord_Olelieza,@vip_sure_bets,Mention
spaqqz,@vip_sure_bets,Mention
stewartdemich,@vip_sure_bets,Mention
inbuilt_tibet,@vip_sure_bets,Mention
SirKoech,@williamsruto,Mention
Tonnie_Kroos,@vip_sure_bets,Mention
Lilcaphy,@vip_sure_bets,Mention
IamBeste1_,@vip_sure_bets,Mention
ghafla_kenya,@vip_sure_bets,Mention
la_greatke,@vip_sure_bets,Mention
_kenwells,@vip_sure_bets,Mention
__marcelo2,@f_m_networks,Mention
labattlabatt,@railaodinga,Mention
labattlabatt,@citizentvkenya,Mention
AmbatiLucy,@williamsruto,Mention
EzraOndara,@youtube,Mention
EzraOndara,@ezraondara,Mention
wambuijohnson,@williamsruto,Mention
wambuijohnson,@railaodinga,Mention
wambuijohnson,@citizentvkenya,Mention
liam_tweep,@vip_sure_bets,Mention
Cde_SBM,@williamsruto,Mention
Cde_SBM,@railaodinga,Mention
Cde_SBM,@citizentvkenya,Mention
GodfearingDude,@nationafrica,Mention
GodfearingDude,@williamsruto,Mention
GodfearingDude,@railaodinga,Mention
GodfearingDude,@dci_kenya,Mention
kibettigit,@nationafrica,Mention
kibettigit,@williamsruto,Mention
kibettigit,@railaodinga,Mention
kibettigit,@dci_kenya,Mention
NoelRotich,@mcshynne_ke,Mention
wangui_ngirci,@marthakarua,Mention
FelipeGambler_,@williamsruto,Mention
MsaTopBlogger,@williamsruto,Mention
Its_Kipsang,@williamsruto,Mention
chirsemwo,@williamsruto,Mention
Baxsan10,@williamsruto,Mention
Baxsan10,@railaodinga,Mention
Baxsan10,@citizentvkenya,Mention
iancurlie,@nationafrica,Mention
iancurlie,@williamsruto,Mention
iancurlie,@railaodinga,Mention
iancurlie,@dci_kenya,Mention
SharonNaserian6,@williamsruto,Mention
SharonNaserian6,@railaodinga,Mention
SharonNaserian6,@citizentvkenya,Mention
Berlin29Ke,@nationafrica,Mention
Berlin29Ke,@williamsruto,Mention
Berlin29Ke,@railaodinga,Mention
Berlin29Ke,@dci_kenya,Mention
TechniquesPowe1,@techniquespowe1for,Mention
JaneSige,@williamsruto,Mention
Fredmoenga1998,@nationafrica,Mention
Fredmoenga1998,@dci_kenya,Mention
PatrickKahonge,@williamsruto,Mention
Paul03238130,@williamsruto,Mention
Harnicho1,@williamsruto,Mention
nderitu_kevyn,@williamsruto,Mention
chepdebby,@williamsruto,Mention
chepdebby,@railaodinga,Mention
chepdebby,@citizentvkenya,Mention
Harnicho1,@railaodinga,Mention
Harnicho1,@citizentvkenya,Mention
ASBELKEMBOI7,@williamsruto,Mention
mutethiafredie,@williamsruto,Mention
Clifford_Lans,@nationafrica,Mention
Clifford_Lans,@dci_kenya,Mention
254_don,@williamsruto,Mention
254_don,@railaodinga,Mention
254_don,@citizentvkenya,Mention
ruttohcarol,@railaodinga,Mention
ruttohcarol,@citizentvkenya,Mention
CeoBen,@nationafrica,Mention
CeoBen,@railaodinga,Mention
CeoBen,@dci_kenya,Mention
JacktonV,@williamsruto,Mention
pato_jush,@williamsruto,Mention
GichuhiwaNjogu,@nationafrica,Mention
GichuhiwaNjogu,@williamsruto,Mention
GichuhiwaNjogu,@railaodinga,Mention
GichuhiwaNjogu,@dci_kenya,Mention
sammy_macharia,@citizentvkenya,Mention
sammy_macharia,@nationafrica,Mention
sammy_macharia,@dci_kenya,Mention
kimathi_gitonga,@nationafrica,Mention
kimathi_gitonga,@williamsruto,Mention
kimathi_gitonga,@railaodinga,Mention
kimathi_gitonga,@dci_kenya,Mention
DaudiPhil,@railaodinga,Mention
DaudiPhil,@marthakarua,Mention
KuluoJosephine,@citizentvkenya,Mention
shaddykym,@nationafrica,Mention
shaddykym,@railaodinga,Mention
shaddykym,@dci_kenya,Mention
Eugene_Ashiundu,@williamsruto,Mention
Eugene_Ashiundu,@railaodinga,Mention
Eugene_Ashiundu,@citizentvkenya,Mention
Ambrosetaracha7,@williamsruto,Mention
NgaoMark,@williamsruto,Mention
DannyGreat9,@williamsruto,Mention
korirkipvin,@williamsruto,Mention
korirkipvin,@railaodinga,Mention
korirkipvin,@citizentvkenya,Mention
Willikims,@williamsruto,Mention
KiturDickson,@williamsruto,Mention
_jmcaleb,@citizentvkenya,Mention
Chesirecornes,@williamsruto,Mention
LareOloibon,@nationafrica,Mention
LareOloibon,@railaodinga,Mention
LareOloibon,@dci_kenya,Mention
towett_larry,@williamsruto,Mention
PigfarmerSamia,@williamsruto,Mention
PigfarmerSamia,@railaodinga,Mention
PigfarmerSamia,@citizentvkenya,Mention
GunnerAfrican,@nationafrica,Mention
GunnerAfrican,@dci_kenya,Mention
SoliteiK,@williamsruto,Mention
Hon_kindiki,@williamsruto,Mention
ki96269449,@nationafrica,Mention
ki96269449,@williamsruto,Mention
ki96269449,@railaodinga,Mention
ki96269449,@dci_kenya,Mention
Renegade_KE,@nationafrica,Mention
Renegade_KE,@williamsruto,Mention
Renegade_KE,@railaodinga,Mention
Renegade_KE,@dci_kenya,Mention
stineyegon,@westsevenn,Mention
kelvinkabu,@nationafrica,Mention
kelvinkabu,@williamsruto,Mention
kelvinkabu,@railaodinga,Mention
kelvinkabu,@dci_kenya,Mention
ki96269449,@citizentvkenya,Mention
Shibalirajacque,@williamsruto,Mention
Felix_Serem,@williamsruto,Mention
_SirEric_,@williamsruto,Mention
MalikSurum,@williamsruto,Mention
MalikSurum,@railaodinga,Mention
MalikSurum,@citizentvkenya,Mention
Chiskop_peetz,@nationafrica,Mention
Chiskop_peetz,@dci_kenya,Mention
vic_tumitumi,@williamsruto,Mention
AaronMutai5,@williamsruto,Mention
Kandie_Nk,@nationafrica,Mention
Kandie_Nk,@williamsruto,Mention
Kandie_Nk,@railaodinga,Mention
Kandie_Nk,@dci_kenya,Mention
AaronMutai5,@nationafrica,Mention
AaronMutai5,@railaodinga,Mention
AaronMutai5,@dci_kenya,Mention
Chiskop_peetz,@citizentvkenya,Mention
Kibet75Bett,@nationafrica,Mention
Kibet75Bett,@railaodinga,Mention
Kibet75Bett,@dci_kenya,Mention
samndirangu10,@williamsruto,Mention
shaddykym,@citizentvkenya,Mention
ischtka,@nationafrica,Mention
ischtka,@williamsruto,Mention
ischtka,@railaodinga,Mention
ischtka,@dci_kenya,Mention
NDUNGU2010,@nationafrica,Mention
NDUNGU2010,@williamsruto,Mention
NDUNGU2010,@railaodinga,Mention
NDUNGU2010,@dci_kenya,Mention
viral_chiku,@nationafrica,Mention
viral_chiku,@williamsruto,Mention
viral_chiku,@railaodinga,Mention
viral_chiku,@dci_kenya,Mention
BonvicKiptoo,@williamsruto,Mention
BonvicKiptoo,@railaodinga,Mention
BonvicKiptoo,@citizentvkenya,Mention
Raphael332074,@williamsruto,Mention
Kibet75Bett,@citizentvkenya,Mention
Nyawira2005,@nationafrica,Mention
Nyawira2005,@railaodinga,Mention
Nyawira2005,@dci_kenya,Mention
dennnnis_king,@williamsruto,Mention
chebii_joan,@williamsruto,Mention
Rwantess,@williamsruto,Mention
Dansan_Eminen,@williamsruto,Mention
ja_nyakach,@williamsruto,Mention
1ElishaKiprop,@williamsruto,Mention
KiongoziGk,@williamsruto,Mention
BwOmoigwa,@williamsruto,Mention
IsaackKibet10,@williamsruto,Mention
servant_beth,@williamsruto,Mention
Bnangitiyo,@railaodinga,Mention
Bnangitiyo,@citizentvkenya,Mention
kiprono_kip,@williamsruto,Mention
7Dennilson,@williamsruto,Mention
7Dennilson,@railaodinga,Mention
7Dennilson,@citizentvkenya,Mention
UsainAlly,@williamsruto,Mention
chris_natuleng,@williamsruto,Mention
chris_natuleng,@railaodinga,Mention
chris_natuleng,@citizentvkenya,Mention
DrSWilliamRuto,@williamsruto,Mention
DrSWilliamRuto,@railaodinga,Mention
DrSWilliamRuto,@citizentvkenya,Mention
DrSWilliamRuto,@nationafrica,Mention
DrSWilliamRuto,@dci_kenya,Mention
sue_perlita,@williamsruto,Mention
Murimi_Mwai01,@williamsruto,Mention
Maxi_7714_,@williamsruto,Mention
kib3tt,@williamsruto,Mention
TheeJackson_,@williamsruto,Mention
Kecheii001,@nationafrica,Mention
Kecheii001,@williamsruto,Mention
Kecheii001,@railaodinga,Mention
Kecheii001,@dci_kenya,Mention
felixronohh,@williamsruto,Mention
KiptooRuto_,@williamsruto,Mention
ErickkChirchir2,@citizentvkenya,Mention
ErickkChirchir2,@nationafrica,Mention
ErickkChirchir2,@dci_kenya,Mention
felixronohh,@nationafrica,Mention
felixronohh,@railaodinga,Mention
felixronohh,@dci_kenya,Mention
nikjaki,@citizentvkenya,Mention
dcijuja,@dcijuja,Mention
dcijuja,@bkhaniri,Mention
Paul03238130,@railaodinga,Mention
Paul03238130,@citizentvkenya,Mention
KiongoziGk,@nationafrica,Mention
KiongoziGk,@railaodinga,Mention
KiongoziGk,@dci_kenya,Mention
chebii_joan,@railaodinga,Mention
chebii_joan,@citizentvkenya,Mention
JaneSige,@joe_munene1,Mention
kimusta,@williamsruto,Mention
kimusta,@railaodinga,Mention
kimusta,@citizentvkenya,Mention
KipKalyaNoah,@nationafrica,Mention
KipKalyaNoah,@railaodinga,Mention
KipKalyaNoah,@dci_kenya,Mention
KipKalyaNoah,@citizentvkenya,Mention
TravisNgich,@citizentvkenya,Mention
kelvinkabu,@citizentvkenya,Mention
selemani_kenya,@williamsruto,Mention
selemani_kenya,@railaodinga,Mention
selemani_kenya,@citizentvkenya,Mention
NeddoTatayo,@nationafrica,Mention
NeddoTatayo,@dci_kenya,Mention
VictorBartoo,@williamsruto,Mention
VictorBartoo,@railaodinga,Mention
VictorBartoo,@citizentvkenya,Mention
servant_beth,@railaodinga,Mention
servant_beth,@citizentvkenya,Mention
TonnyKamwai,@railaodinga,Mention
TonnyKamwai,@citizentvkenya,Mention
NjoguCasto,@williamsruto,Mention
NjoguCasto,@railaodinga,Mention
NjoguCasto,@citizentvkenya,Mention
kelvin_mwebia,@nationafrica,Mention
kelvin_mwebia,@dci_kenya,Mention
BarmasaBarmasa,@nationafrica,Mention
BarmasaBarmasa,@williamsruto,Mention
BarmasaBarmasa,@railaodinga,Mention
BarmasaBarmasa,@dci_kenya,Mention
benardongeri_,@nationafrica,Mention
benardongeri_,@dci_kenya,Mention
tabani_anthony,@nationafrica,Mention
tabani_anthony,@williamsruto,Mention
tabani_anthony,@railaodinga,Mention
tabani_anthony,@dci_kenya,Mention
Its_Georgy,@railaodinga,Mention
Its_Georgy,@citizentvkenya,Mention
nya20sa1,@citizentvkenya,Mention
Nyawira2005,@citizentvkenya,Mention
ItsKibet254,@williamsruto,Mention
ItsKibet254,@railaodinga,Mention
ItsKibet254,@citizentvkenya,Mention
CursorSuppliers,@,Mention
Ntomugania,@nationafrica,Mention
Ntomugania,@williamsruto,Mention
Ntomugania,@railaodinga,Mention
Ntomugania,@dci_kenya,Mention
Jonngc,@westsevenn,Mention
KinyuaMuchoki,@nationafrica,Mention
KinyuaMuchoki,@williamsruto,Mention
KinyuaMuchoki,@railaodinga,Mention
KinyuaMuchoki,@dci_kenya,Mention
BeingCheruu,@williamsruto,Mention
BeingCheruu,@railaodinga,Mention
BeingCheruu,@citizentvkenya,Mention
CypKim,@williamsruto,Mention
CypKim,@railaodinga,Mention
CypKim,@citizentvkenya,Mention
karenmwakio,@williamsruto,Mention
karenmwakio,@railaodinga,Mention
karenmwakio,@citizentvkenya,Mention
jossyKe10,@williamsruto,Mention
jossyKe10,@railaodinga,Mention
jossyKe10,@citizentvkenya,Mention
DjibrilJuma,@dralfredmutua,Mention
vic_tumitumi,@railaodinga,Mention
vic_tumitumi,@citizentvkenya,Mention
bbg_Nancy,@jonngc,Mention
ItsMartinChege,@railaodinga,Mention
ItsMartinChege,@citizentvkenya,Mention
tembeakenyaa,@_kibetclinton,Mention
tembeakenyaa,@levis_254,Mention
Jonngc,@_kibetclinton,Mention
Jonngc,@williamsruto,Mention
MkulimaBm,@jonngc,Mention
youngkayla2000,@_kibetclinton,Mention
Felix_Serem,@railaodinga,Mention
Felix_Serem,@citizentvkenya,Mention
Murimi_Mwai01,@nationafrica,Mention
Murimi_Mwai01,@railaodinga,Mention
Murimi_Mwai01,@dci_kenya,Mention
MwaurahDrax,@citizentvkenya,Mention
Alex_Ogada,@williamsruto,Mention
Kapengurian,@railaodinga,Mention
Kapengurian,@citizentvkenya,Mention
AaronMutai5,@citizentvkenya,Mention
lastiebonnie,@railaodinga,Mention
lastiebonnie,@citizentvkenya,Mention
DesmondTowett,@railaodinga,Mention
DesmondTowett,@citizentvkenya,Mention
Rotichk,@citizentvkenya,Mention
IsaacKorir_kim,@nationafrica,Mention
IsaacKorir_kim,@dci_kenya,Mention
Abdiqadir_H_A,@westsevenn,Mention
alex_njuguna17,@williamsruto,Mention
alex_njuguna17,@railaodinga,Mention
alex_njuguna17,@citizentvkenya,Mention
SoliteiK,@railaodinga,Mention
SoliteiK,@citizentvkenya,Mention
OtengoWelling1,@citizentvkenya,Mention
OtengoWelling1,@nationafrica,Mention
OtengoWelling1,@dci_kenya,Mention
Gandalf_vih,@gandalf_vih,Mention
Rotichk,@nationafrica,Mention
Rotichk,@dci_kenya,Mention
Ronoh_1J,@railaodinga,Mention
Ronoh_1J,@citizentvkenya,Mention
Ochibono,@williamsruto,Mention
Ochibono,@railaodinga,Mention
Ochibono,@citizentvkenya,Mention
KimAaron2020,@nationafrica,Mention
KimAaron2020,@williamsruto,Mention
KimAaron2020,@railaodinga,Mention
KimAaron2020,@dci_kenya,Mention
Fling_Guss,@nationafrica,Mention
Fling_Guss,@williamsruto,Mention
Fling_Guss,@railaodinga,Mention
Fling_Guss,@dci_kenya,Mention
kelvin_mwebia,@citizentvkenya,Mention
Berlin29Ke,@citizentvkenya,Mention
DonJay_07,@williamsruto,Mention
DonJay_07,@railaodinga,Mention
DonJay_07,@citizentvkenya,Mention
SelinaTeyie,@dennoh_kelly,Mention
SelinaTeyie,@westsevenn,Mention
SelinaTeyie,@jonngc,Mention
SelinaTeyie,@luciann254,Mention
Robaa82,@citizentvkenya,Mention
chumba_1801,@williamsruto,Mention
chumba_1801,@railaodinga,Mention
chumba_1801,@citizentvkenya,Mention
res_judicata3,@williamsruto,Mention
res_judicata3,@railaodinga,Mention
res_judicata3,@citizentvkenya,Mention
SelinaTeyie,@bkhaniri,Mention
KeMatumbei,@nationafrica,Mention
KeMatumbei,@railaodinga,Mention
KeMatumbei,@dci_kenya,Mention
kirimifrank8,@williamsruto,Mention
kirimifrank8,@railaodinga,Mention
kirimifrank8,@citizentvkenya,Mention
NgeiywoMartin,@citizentvkenya,Mention
veak_arts,@levis_254,Mention
kemboikips04,@railaodinga,Mention
kemboikips04,@citizentvkenya,Mention
Kyule254,@qosmow,Mention
Kastone_Paul,@railaodinga,Mention
Kastone_Paul,@citizentvkenya,Mention
MlinziVinnie,@citizentvkenya,Mention
vinnieomegah,@nationafrica,Mention
vinnieomegah,@williamsruto,Mention
vinnieomegah,@railaodinga,Mention
vinnieomegah,@dci_kenya,Mention
nichomaingi,@drmugogichuki,Mention
Bonniekaf,@levis_254,Mention
elsonTys1,@williamsruto,Mention
elsonTys1,@railaodinga,Mention
elsonTys1,@citizentvkenya,Mention
DaddyMsoo,@williamsruto,Mention
DaddyMsoo,@railaodinga,Mention
DaddyMsoo,@citizentvkenya,Mention
Bonniekaf,@westsevenn,Mention
MweleWycliffe,@nationafrica,Mention
MweleWycliffe,@railaodinga,Mention
MweleWycliffe,@dci_kenya,Mention
ombatikevin300,@nationafrica,Mention
ombatikevin300,@dci_kenya,Mention
BarmasaBarmasa,@citizentvkenya,Mention
WilliamsRutoFan,@citizentvkenya,Mention
MakokhaDr,@nationafrica,Mention
MakokhaDr,@railaodinga,Mention
MakokhaDr,@dci_kenya,Mention
tim_kasimolo,@tim_kasimolo,Mention
albert_chiro,@williamsruto,Mention
albert_chiro,@railaodinga,Mention
albert_chiro,@citizentvkenya,Mention
qybe_marlaw,@nationafrica,Mention
qybe_marlaw,@williamsruto,Mention
qybe_marlaw,@railaodinga,Mention
qybe_marlaw,@dci_kenya,Mention
otieno_elija,@williamsruto,Mention
otieno_elija,@railaodinga,Mention
otieno_elija,@citizentvkenya,Mention
nic_deemamany,@tim_kasimolo,Mention
nichomaingi,@tim_kasimolo,Mention
brianlelimo,@nationafrica,Mention
brianlelimo,@williamsruto,Mention
brianlelimo,@railaodinga,Mention
brianlelimo,@dci_kenya,Mention
MastonKim1,@citizentvkenya,Mention
Ambrose09238829,@williamsruto,Mention
Ambrose09238829,@railaodinga,Mention
Ambrose09238829,@citizentvkenya,Mention
MugoKenny,@williamsruto,Mention
MugoKenny,@railaodinga,Mention
MugoKenny,@citizentvkenya,Mention
brianlelimo,@citizentvkenya,Mention
RaswilliEms69,@nationafrica,Mention
RaswilliEms69,@dci_kenya,Mention
mocemartin,@williamsruto,Mention
mocemartin,@railaodinga,Mention
mocemartin,@citizentvkenya,Mention
EliasKabere,@nationafrica,Mention
EliasKabere,@railaodinga,Mention
EliasKabere,@dci_kenya,Mention
BwOmoigwa,@railaodinga,Mention
BwOmoigwa,@citizentvkenya,Mention
KE100V_KE100V,@williamsruto,Mention
KE100V_KE100V,@railaodinga,Mention
KE100V_KE100V,@citizentvkenya,Mention
festus_kenga,@williamsruto,Mention
festus_kenga,@railaodinga,Mention
festus_kenga,@citizentvkenya,Mention
Edwardkertz,@railaodinga,Mention
Edwardkertz,@citizentvkenya,Mention
RuttoHon,@williamsruto,Mention
RuttoHon,@railaodinga,Mention
RuttoHon,@citizentvkenya,Mention
MakokhaDr,@citizentvkenya,Mention
NoelRotich,@citizentvkenya,Mention
Mwaistanley2,@citizentvkenya,Mention
maryatieno2011,@nationafrica,Mention
maryatieno2011,@williamsruto,Mention
maryatieno2011,@railaodinga,Mention
maryatieno2011,@dci_kenya,Mention
Hon_kindiki,@nationafrica,Mention
Hon_kindiki,@railaodinga,Mention
Hon_kindiki,@dci_kenya,Mention
MrBiwott,@nationafrica,Mention
MrBiwott,@dci_kenya,Mention
kgitonga67,@williamsruto,Mention
kgitonga67,@railaodinga,Mention
kgitonga67,@citizentvkenya,Mention
Ericmwa,@citizentvkenya,Mention
Ericmwa,@nationafrica,Mention
Ericmwa,@dci_kenya,Mention
JohnWil50304360,@nationafrica,Mention
JohnWil50304360,@railaodinga,Mention
JohnWil50304360,@dci_kenya,Mention
nderitu_kevyn,@railaodinga,Mention
nderitu_kevyn,@citizentvkenya,Mention
David___Mbugua,@nationafrica,Mention
David___Mbugua,@dci_kenya,Mention
PhinyNamu,@williamsruto,Mention
PhinyNamu,@railaodinga,Mention
PhinyNamu,@citizentvkenya,Mention
WillyKpsony,@williamsruto,Mention
WillyKpsony,@railaodinga,Mention
WillyKpsony,@citizentvkenya,Mention
Sanjotz,@nationafrica,Mention
Sanjotz,@williamsruto,Mention
Sanjotz,@railaodinga,Mention
Sanjotz,@dci_kenya,Mention
JWangto,@williamsruto,Mention
JWangto,@railaodinga,Mention
JWangto,@citizentvkenya,Mention
wagurasam,@williamsruto,Mention
wagurasam,@railaodinga,Mention
wagurasam,@citizentvkenya,Mention
TSetanei,@citizentvkenya,Mention
Rotichk2,@williamsruto,Mention
Rotichk2,@railaodinga,Mention
Rotichk2,@citizentvkenya,Mention
Mwikiah,@nationafrica,Mention
Mwikiah,@railaodinga,Mention
Mwikiah,@dci_kenya,Mention
LawrenceKibet,@williamsruto,Mention
LawrenceKibet,@railaodinga,Mention
LawrenceKibet,@citizentvkenya,Mention
mugojay895,@williamsruto,Mention
mugojay895,@railaodinga,Mention
mugojay895,@citizentvkenya,Mention
Echolnk,@nationafrica,Mention
Echolnk,@williamsruto,Mention
Echolnk,@railaodinga,Mention
Echolnk,@dci_kenya,Mention
MiqChelsea,@nationafrica,Mention
MiqChelsea,@williamsruto,Mention
MiqChelsea,@railaodinga,Mention
MiqChelsea,@dci_kenya,Mention
sue_perlita,@nationafrica,Mention
sue_perlita,@railaodinga,Mention
sue_perlita,@dci_kenya,Mention
ondu_peter,@nationafrica,Mention
ondu_peter,@railaodinga,Mention
ondu_peter,@dci_kenya,Mention
OleItumbi,@nationafrica,Mention
OleItumbi,@dci_kenya,Mention
100Manoti,@williamsruto,Mention
100Manoti,@railaodinga,Mention
100Manoti,@citizentvkenya,Mention
rhouzieosore,@railaodinga,Mention
rhouzieosore,@citizentvkenya,Mention
KiongoziGk,@citizentvkenya,Mention
tellyrence,@williamsruto,Mention
tellyrence,@railaodinga,Mention
tellyrence,@citizentvkenya,Mention
estherkaya344,@williamsruto,Mention
estherkaya344,@railaodinga,Mention
estherkaya344,@citizentvkenya,Mention
DaView_k,@citizentvkenya,Mention
am_josphat,@williamsruto,Mention
am_josphat,@railaodinga,Mention
am_josphat,@citizentvkenya,Mention
IsaacKorir_kim,@citizentvkenya,Mention
EngineerAron,@williamsruto,Mention
EngineerAron,@railaodinga,Mention
EngineerAron,@citizentvkenya,Mention
Hon_kindiki,@citizentvkenya,Mention
David___Mbugua,@citizentvkenya,Mention
KimAaron2020,@citizentvkenya,Mention
EzbonCheruiyot,@williamsruto,Mention
EzbonCheruiyot,@railaodinga,Mention
EzbonCheruiyot,@citizentvkenya,Mention
emmanuel_cheret,@williamsruto,Mention
emmanuel_cheret,@railaodinga,Mention
emmanuel_cheret,@citizentvkenya,Mention
endrymwaka,@williamsruto,Mention
endrymwaka,@railaodinga,Mention
endrymwaka,@citizentvkenya,Mention
CeoBen,@citizentvkenya,Mention
isaacka97,@williamsruto,Mention
isaacka97,@railaodinga,Mention
isaacka97,@citizentvkenya,Mention
jim_munene,@williamsruto,Mention
jim_munene,@railaodinga,Mention
jim_munene,@citizentvkenya,Mention
KorosIvan,@williamsruto,Mention
KorosIvan,@railaodinga,Mention
KorosIvan,@citizentvkenya,Mention
dunny_33ke,@williamsruto,Mention
dunny_33ke,@railaodinga,Mention
dunny_33ke,@citizentvkenya,Mention
c_murugi4,@williamsruto,Mention
c_murugi4,@railaodinga,Mention
c_murugi4,@citizentvkenya,Mention
Monica_Muriuki,@williamsruto,Mention
Monica_Muriuki,@railaodinga,Mention
Monica_Muriuki,@citizentvkenya,Mention
felixronohh,@citizentvkenya,Mention
GunnerAfrican,@citizentvkenya,Mention
Chesirecornes,@railaodinga,Mention
Chesirecornes,@citizentvkenya,Mention
DongThuthi,@railaodinga,Mention
DongThuthi,@citizentvkenya,Mention
mudfishKenya,@williamsruto,Mention
mudfishKenya,@railaodinga,Mention
mudfishKenya,@citizentvkenya,Mention
samndirangu10,@railaodinga,Mention
samndirangu10,@citizentvkenya,Mention
itsdanteh_,@williamsruto,Mention
itsdanteh_,@railaodinga,Mention
itsdanteh_,@citizentvkenya,Mention
eric_opanda,@railaodinga,Mention
eric_opanda,@citizentvkenya,Mention
benardongeri_,@citizentvkenya,Mention
Lil_Noete,@williamsruto,Mention
Lil_Noete,@railaodinga,Mention
Lil_Noete,@citizentvkenya,Mention
Murimi_Mwai01,@citizentvkenya,Mention
Clifford_Lans,@citizentvkenya,Mention
MuneneWaNjeru,@williamsruto,Mention
MuneneWaNjeru,@railaodinga,Mention
MuneneWaNjeru,@citizentvkenya,Mention
JohnWil50304360,@citizentvkenya,Mention
sue_perlita,@citizentvkenya,Mention
Utred_Allan,@railaodinga,Mention
Utred_Allan,@citizentvkenya,Mention
Alvinmwa1,@railaodinga,Mention
Alvinmwa1,@citizentvkenya,Mention
OleItumbi,@citizentvkenya,Mention
